#,Coin,Unnamed: 3,Price,1h,24h,7d,30d,24h Volume,Market Cap,FDV,Market Cap / FDV
,,,,,,,,,,,
1.0,Bitcoin  BTC,Buy,"$61,555.59",0.4%,0.7%,4.6%,10.5%,"$23,864,309,565","$1,213,752,798,526","$1,292,667,306,000",0.94
2.0,Ethereum  ETH,Buy,"$3,444.45",0.3%,1.9%,1.7%,10.4%,"$12,690,880,452","$414,153,901,105","$414,153,901,105",1.0
3.0,Tether  USDT,Buy,$0.9977,0.1%,0.1%,0.1%,0.0%,"$41,948,777,164","$112,385,946,987","$112,385,946,987",1.0
4.0,BNB  BNB,Buy,$581.65,0.2%,1.4%,0.4%,3.2%,"$2,068,050,679","$89,352,150,979","$89,352,150,979",1.0
5.0,Solana  SOL,Buy,$146.08,0.7%,6.3%,10.2%,15.0%,"$3,469,674,771","$67,852,334,973","$84,982,347,087",0.8
6.0,Lido Staked Ether  STETH,Buy,"$3,445.19",0.3%,1.9%,1.6%,10.4%,"$53,408,867","$33,450,560,266","$33,450,560,266",1.0
7.0,USDC  USDC,Buy,$0.9994,0.1%,0.1%,0.1%,0.1%,"$6,550,705,861","$32,591,787,192","$32,592,902,889",1.0
8.0,XRP  XRP,Buy,$0.4748,0.0%,1.2%,2.7%,10.0%,"$736,303,459","$26,449,931,650","$47,490,424,061",0.56
9.0,Toncoin  TON,Buy,$7.62,0.7%,0.2%,7.4%,17.0%,"$333,277,918","$18,757,758,102","$38,956,115,902",0.48
10.0,Dogecoin  DOGE,Buy,$0.1259,0.6%,2.9%,1.8%,25.7%,"$688,327,560","$18,286,792,144","$18,287,622,653",1.0
11.0,Cardano  ADA,Buy,$0.39,0.5%,2.3%,1.1%,15.3%,"$272,906,048","$13,830,884,580","$17,566,981,103",0.79
12.0,Avalanche  AVAX,Buy,$27.90,0.1%,8.3%,0.8%,25.0%,"$421,979,399","$11,006,072,424","$12,384,979,581",0.89
13.0,TRON  TRX,Buy,$0.1218,0.1%,1.0%,4.5%,9.3%,"$277,138,446","$10,605,694,204","$10,605,697,871",1.0
14.0,Shiba Inu  SHIB,Buy,$0.0000174,0.4%,1.3%,3.0%,39.1%,"$266,930,456","$10,256,188,709","$17,404,824,393",0.59
15.0,Wrapped Bitcoin  WBTC,Buy,"$61,760.47",0.2%,0.9%,4.1%,10.2%,"$152,207,915","$9,434,161,669","$9,434,161,669",1.0
16.0,Chainlink  LINK,Buy,$14.33,0.5%,3.7%,0.9%,21.8%,"$343,858,995","$8,724,892,126","$14,347,792,365",0.61
17.0,Polkadot  DOT,Buy,$6.22,0.5%,8.2%,9.4%,15.7%,"$281,962,394","$8,604,225,724","$9,108,430,984",0.94
18.0,Bitcoin Cash  BCH,Buy,$387.59,0.5%,2.8%,1.2%,18.2%,"$200,485,432","$7,666,953,023","$8,162,353,246",0.94
19.0,Uniswap  UNI,Buy,$9.53,0.2%,2.1%,4.5%,14.8%,"$154,566,428","$7,210,058,645","$9,565,372,098",0.75
20.0,NEAR Protocol  NEAR,Buy,$5.13,0.6%,0.2%,2.1%,33.8%,"$251,890,953","$5,622,546,856","$6,089,957,108",0.92
21.0,Litecoin  LTC,Buy,$73.56,0.2%,3.7%,0.6%,12.1%,"$349,837,992","$5,495,168,650","$6,180,122,933",0.89
22.0,LEO Token  LEO,,$5.77,0.0%,0.7%,3.3%,3.4%,"$4,827,106","$5,336,634,310","$5,677,284,997",0.94
23.0,Polygon  MATIC,Buy,$0.5652,0.0%,2.7%,1.8%,22.4%,"$206,532,526","$5,251,368,095","$5,657,007,454",0.93
24.0,Pepe  PEPE,Buy,$0.00001231,0.4%,2.2%,12.6%,24.9%,"$587,865,451","$5,186,741,424","$5,186,741,424",1.0
25.0,Dai  DAI,Buy,$0.9988,0.0%,0.0%,0.1%,0.0%,"$422,382,806","$5,164,850,794","$5,164,850,794",1.0
26.0,Wrapped eETH  WEETH,,"$3,588.60",0.2%,2.1%,1.3%,10.2%,"$229,937,642","$4,881,250,522","$4,881,250,522",1.0
27.0,Kaspa  KAS,Buy,$0.1819,0.7%,1.4%,24.5%,29.7%,"$86,685,191","$4,388,400,651","$4,388,819,944",1.0
28.0,Internet Computer  ICP,Buy,$8.17,0.6%,1.5%,0.0%,32.5%,"$65,386,619","$3,816,204,987","$4,263,980,546",0.89
29.0,Fetch.ai  FET,,$1.47,1.3%,12.2%,6.7%,34.5%,"$366,592,740","$3,735,346,042","$3,897,642,060",0.96
30.0,Ethena USDe  USDE,,$0.9986,0.1%,0.1%,0.2%,0.0%,"$61,914,207","$3,593,474,557","$3,593,474,557",1.0
31.0,Ethereum Classic  ETC,Buy,$24.07,0.4%,2.9%,0.8%,23.2%,"$93,437,638","$3,559,783,168","$5,078,265,322",0.7
32.0,Renzo Restaked ETH  EZETH,,"$3,477.58",0.3%,2.1%,0.7%,8.7%,"$333,499,149","$3,464,898,157","$3,475,463,756",1.0
33.0,Aptos  APT,Buy,$6.99,0.4%,2.4%,0.4%,25.1%,"$119,783,958","$3,168,711,010","$7,724,640,086",0.41
34.0,Monero  XMR,,$166.57,0.1%,1.2%,2.5%,17.2%,"$43,094,253","$3,070,124,694",-,
35.0,Render  RNDR,Buy,$7.65,1.0%,3.2%,2.8%,26.4%,"$141,451,530","$2,982,603,959","$4,083,299,538",0.73
36.0,Hedera  HBAR,Buy,$0.07818,0.5%,3.1%,3.8%,25.4%,"$36,521,001","$2,802,234,369","$3,917,992,995",0.72
37.0,Cosmos Hub  ATOM,Buy,$6.92,0.1%,2.1%,0.9%,20.3%,"$116,305,467","$2,708,062,625","$2,709,737,732",1.0
38.0,Arbitrum  ARB,Buy,$0.8227,0.2%,1.4%,3.4%,30.9%,"$173,783,398","$2,663,211,297","$8,241,184,215",0.32
39.0,Stellar  XLM,Buy,$0.09129,0.1%,2.2%,2.2%,15.7%,"$43,399,840","$2,661,843,073","$4,566,469,607",0.58
40.0,Mantle  MNT,Buy,$0.8034,0.6%,3.6%,1.3%,21.1%,"$203,151,747","$2,625,134,916","$4,997,654,350",0.53
41.0,Filecoin  FIL,,$4.50,0.1%,3.8%,2.7%,24.2%,"$121,497,357","$2,552,381,218","$8,843,158,180",0.29
42.0,OKB  OKB,Buy,$42.41,0.2%,1.7%,0.9%,8.6%,"$3,646,442","$2,548,029,837","$10,020,453,707",0.25
43.0,Stacks  STX,Buy,$1.72,0.9%,0.9%,3.2%,14.1%,"$51,092,973","$2,534,685,673","$3,137,163,244",0.81
44.0,Cronos  CRO,Buy,$0.09203,0.2%,2.8%,2.1%,21.9%,"$9,550,190","$2,466,533,474","$2,761,568,051",0.89
45.0,Maker  MKR,Buy,"$2,576.37",0.1%,1.4%,4.3%,5.5%,"$150,799,954","$2,392,146,650","$2,518,226,605",0.95
46.0,Immutable  IMX,Buy,$1.56,0.8%,0.8%,2.1%,32.0%,"$45,826,832","$2,356,982,670","$3,126,229,626",0.75
47.0,Injective  INJ,Buy,$22.94,0.7%,0.3%,11.9%,13.0%,"$134,685,742","$2,231,802,599","$2,297,222,385",0.97
48.0,First Digital USD  FDUSD,,$0.9976,0.3%,0.2%,0.2%,0.0%,"$3,892,208,818","$2,165,188,402","$2,165,188,402",1.0
49.0,VeChain  VET,,$0.02653,1.0%,2.7%,0.6%,25.6%,"$37,155,509","$2,154,924,793","$2,287,969,412",0.94
50.0,Lido DAO  LDO,,$2.36,1.3%,3.0%,2.3%,2.0%,"$126,706,830","$2,107,664,593","$2,360,497,502",0.89
51.0,dogwifhat  WIF,Buy,$2.08,0.6%,3.4%,9.0%,47.9%,"$817,542,360","$2,093,002,098","$2,093,002,098",1.0
52.0,The Graph  GRT,Buy,$0.2153,0.6%,0.0%,2.8%,32.1%,"$51,598,036","$2,059,253,149","$2,326,560,041",0.89
53.0,Optimism  OP,Buy,$1.79,0.7%,0.3%,2.2%,29.9%,"$188,284,560","$2,009,130,470","$7,692,725,425",0.26
54.0,Sui  SUI,,$0.8264,0.4%,1.6%,8.6%,20.1%,"$112,206,553","$2,006,730,925","$8,271,277,482",0.24
55.0,Bittensor  TAO,Buy,$284.93,1.1%,2.6%,4.1%,32.1%,"$33,811,796","$1,995,071,331","$5,991,996,934",0.33
56.0,Rocket Pool ETH  RETH,,"$3,831.33",0.1%,1.9%,1.5%,9.9%,"$32,136,757","$1,926,200,522","$1,926,200,522",1.0
57.0,Arweave  AR,,$26.05,0.5%,0.5%,2.0%,31.3%,"$71,105,844","$1,706,270,459","$1,706,270,459",1.0
58.0,Ondo  ONDO,,$1.16,0.8%,2.3%,4.0%,9.2%,"$208,135,093","$1,678,758,713","$11,627,647,365",0.14
59.0,FLOKI  FLOKI,Buy,$0.0001706,0.5%,1.0%,0.4%,43.1%,"$235,059,541","$1,662,541,366","$1,715,289,649",0.97
60.0,Mantle Staked Ether  METH,,"$3,580.57",0.1%,2.0%,1.1%,9.3%,"$7,736,639","$1,639,920,600","$1,639,920,600",1.0
61.0,Bitget Token  BGB,,$1.15,0.1%,3.2%,0.6%,6.0%,"$53,138,851","$1,608,004,258","$2,297,147,300",0.7
62.0,Bonk  BONK,Buy,$0.00002396,0.3%,8.1%,15.6%,43.3%,"$400,523,306","$1,599,400,897","$2,256,349,348",0.71
63.0,Notcoin  NOT,,$0.01524,0.4%,4.0%,6.9%,67.4%,"$413,121,675","$1,571,312,047","$1,571,312,047",1.0
64.0,Fantom  FTM,Buy,$0.5599,0.3%,2.3%,2.0%,32.4%,"$144,771,841","$1,570,983,571","$1,779,073,642",0.88
65.0,Brett  BRETT,,$0.158,0.9%,4.2%,8.6%,103.7%,"$78,056,387","$1,566,189,201","$1,566,189,204",1.0
66.0,Theta Network  THETA,Buy,$1.55,0.6%,0.1%,1.9%,31.9%,"$17,422,401","$1,556,023,195","$1,556,023,195",1.0
67.0,ether.fi Staked ETH  EETH,,"$3,458.88",0.2%,2.5%,1.4%,9.8%,"$658,680","$1,490,082,616","$6,384,870,021",0.23
68.0,JasmyCoin  JASMY,,$0.03061,0.6%,3.9%,9.8%,18.8%,"$112,108,938","$1,487,303,531","$1,535,835,947",0.97
69.0,Aave  AAVE,Buy,$93.65,0.5%,0.3%,10.4%,11.4%,"$137,152,206","$1,390,180,194","$1,497,518,004",0.93
70.0,THORChain  RUNE,,$4.10,0.7%,1.5%,4.5%,39.1%,"$143,103,227","$1,380,200,054","$1,697,063,137",0.81
71.0,WhiteBIT Coin  WBT,,$9.43,0.1%,0.2%,0.6%,4.3%,"$4,148,127","$1,359,135,620","$3,305,119,935",0.41
72.0,Celestia  TIA,Buy,$6.31,0.2%,1.9%,1.1%,44.3%,"$70,125,706","$1,224,418,806","$6,655,571,555",0.18
73.0,EOS  EOS,Buy,$0.5838,0.3%,2.1%,1.1%,28.2%,"$93,256,406","$1,205,372,839",-,
74.0,Core  CORE,,$1.34,0.4%,0.4%,6.8%,35.8%,"$36,814,818","$1,198,945,932","$2,812,008,909",0.43
75.0,Pyth Network  PYTH,,$0.3288,0.6%,5.6%,3.8%,24.6%,"$79,238,358","$1,193,342,476","$3,291,989,288",0.36
76.0,Algorand  ALGO,Buy,$0.1419,0.4%,2.4%,2.2%,26.4%,"$28,521,461","$1,163,659,623","$1,163,659,658",1.0
77.0,Jupiter  JUP,,$0.8399,0.8%,7.5%,10.2%,28.5%,"$184,052,546","$1,138,706,219","$8,434,860,882",0.13
78.0,Sei  SEI,,$0.357,0.3%,2.0%,1.0%,33.7%,"$48,724,258","$1,088,652,556","$3,569,352,643",0.31
79.0,Quant  QNT,Buy,$72.83,0.6%,2.6%,6.8%,20.1%,"$17,348,020","$1,061,382,609","$1,066,368,131",1.0
80.0,Kelp DAO Restaked ETH  RSETH,,"$3,471.10",0.2%,1.8%,1.6%,10.3%,"$36,404,924","$1,048,789,289","$1,048,789,289",1.0
81.0,Flare  FLR,Buy,$0.02435,0.8%,1.3%,1.4%,10.8%,"$8,206,610","$1,047,867,918","$2,502,562,866",0.42
82.0,GALA  GALA,Buy,$0.02805,0.3%,1.6%,0.9%,38.0%,"$71,666,695","$1,018,772,807","$1,018,772,807",1.0
83.0,Gate  GT,,$7.76,0.0%,1.6%,2.6%,3.4%,"$3,499,588","$1,010,789,895","$2,326,163,310",0.43
84.0,KuCoin  KCS,,$9.93,0.5%,0.9%,1.2%,3.2%,"$83,866.79","$948,665,404","$1,419,809,397",0.67
85.0,Flow  FLOW,Buy,$0.6229,0.6%,2.2%,3.1%,33.5%,"$22,741,818","$947,228,664","$947,228,664",1.0
86.0,Zebec Protocol  ZBC,,$0.0184,0.0%,2.6%,1.4%,10.4%,"$3,094.63","$936,340,153","$1,839,937,972",0.51
87.0,Starknet  STRK,,$0.7086,0.5%,1.6%,2.8%,43.1%,"$67,838,055","$924,546,436","$7,110,190,063",0.13
88.0,Axie Infinity  AXS,,$6.24,0.5%,2.8%,3.4%,19.8%,"$30,958,230","$919,983,322","$1,686,865,985",0.55
89.0,Ethena  ENA,,$0.5646,0.1%,2.2%,7.6%,36.7%,"$94,892,400","$913,683,327","$8,482,939,980",0.11
90.0,Bitcoin SV  BSV,,$45.45,0.4%,2.4%,2.7%,28.0%,"$12,516,520","$897,974,600","$956,196,887",0.94
91.0,Akash Network  AKT,,$3.61,0.4%,13.7%,16.3%,30.1%,"$35,323,275","$869,562,245","$869,804,668",1.0
92.0,Ethereum Name Service  ENS,,$27.38,0.7%,6.9%,4.8%,5.8%,"$217,769,647","$866,490,556","$2,740,735,782",0.32
93.0,Tokenize Xchange  TKX,,$10.67,0.1%,2.4%,1.3%,21.9%,"$9,349,912","$853,748,392","$1,067,238,852",0.8
94.0,BitTorrent  BTT,,$0.068754,0.2%,0.3%,0.4%,28.6%,"$27,707,270","$846,664,413","$865,686,404",0.98
95.0,Beam  BEAM,,$0.01665,0.8%,3.9%,6.0%,40.9%,"$22,612,995","$838,466,676","$1,040,556,319",0.81
96.0,dYdX  DYDX,,$1.40,0.7%,2.1%,1.5%,32.4%,"$21,307,710","$834,788,733","$1,078,307,463",0.77
97.0,ORDI  ORDI,,$39.19,1.3%,4.6%,2.5%,5.6%,"$150,817,742","$825,627,419","$825,627,419",1.0
98.0,NEO  NEO,Buy,$11.62,0.3%,2.8%,2.5%,24.2%,"$18,691,353","$819,250,793","$1,161,563,579",0.71
99.0,Pendle  PENDLE,,$5.25,0.0%,3.5%,9.7%,19.0%,"$137,368,445","$812,832,261","$1,357,503,915",0.6
100.0,MultiversX  EGLD,,$29.85,0.3%,2.3%,1.9%,25.5%,"$19,762,683","$810,151,686","$810,305,613",1.0
,,,,,,,,,,,
101.0,Marinade Staked SOL  MSOL,,$175.71,0.2%,6.7%,10.8%,14.1%,"$20,473,467","$804,481,337","$804,525,309",1.0
102.0,SingularityNET  AGIX,,$0.6193,1.5%,9.8%,4.7%,34.3%,"$93,114,253","$802,793,523","$885,137,605",0.91
103.0,Gnosis  GNO,,$297.87,0.4%,4.9%,8.5%,14.4%,"$3,998,613","$770,960,912","$893,146,649",0.86
104.0,The Sandbox  SAND,Buy,$0.3365,0.6%,1.3%,0.7%,25.4%,"$59,462,852","$769,297,108","$1,011,686,404",0.76
105.0,Tezos  XTZ,Buy,$0.7702,0.5%,0.5%,2.2%,20.4%,"$21,418,383","$761,609,178","$777,476,740",0.98
106.0,USDD  USDD,,$0.9962,0.0%,0.2%,0.1%,0.2%,"$3,942,314","$732,332,552",-,
107.0,BOOK OF MEME  BOME,,$0.01045,0.5%,13.4%,17.1%,33.9%,"$252,704,973","$723,445,651","$723,445,651",1.0
108.0,Ronin  RON,,$2.15,0.0%,3.7%,7.1%,32.4%,"$18,798,192","$718,114,378","$2,151,287,561",0.33
109.0,Worldcoin  WLD,,$2.77,0.5%,0.7%,7.8%,42.0%,"$161,754,361","$712,406,554","$27,815,210,781",0.03
110.0,Conflux  CFX,,$0.1715,0.3%,10.2%,17.2%,22.7%,"$54,229,386","$710,751,306","$946,273,428",0.75
111.0,Fasttoken  FTN,,$2.21,0.3%,0.3%,0.0%,0.3%,"$20,848,005","$699,232,005","$1,942,747,900",0.36
112.0,Chiliz  CHZ,Buy,$0.07717,0.4%,1.5%,3.0%,48.8%,"$42,790,191","$687,321,811","$687,321,811",1.0
113.0,Lido Staked SOL  STSOL,,$174.12,0.3%,6.7%,10.6%,13.3%,"$206,505","$678,905,056","$678,904,205",1.0
114.0,Frax Ether  FRXETH,,"$3,441.87",0.0%,2.1%,1.5%,10.3%,"$1,657,820","$674,335,069","$674,335,069",1.0
115.0,NEXO  NEXO,,$1.20,0.1%,2.4%,3.0%,17.8%,"$4,922,157","$672,029,086","$1,200,051,921",0.56
116.0,Synthetix Network  SNX,Buy,$2.04,0.1%,3.4%,2.4%,31.6%,"$21,817,619","$670,821,508","$671,689,090",1.0
117.0,Oasis Network  ROSE,,$0.09679,0.3%,5.7%,2.7%,4.8%,"$20,803,016","$650,931,839","$967,238,604",0.67
118.0,Coinbase Wrapped Staked ETH  CBETH,,"$3,707.03",0.2%,2.0%,1.2%,9.9%,"$7,600,563","$649,292,586","$5,086,350,616",0.13
119.0,DeXe  DEXE,,$11.36,0.2%,4.5%,0.8%,9.5%,"$4,372,724","$649,220,033","$1,097,184,077",0.59
120.0,Mog Coin  MOG,,$0.051776,1.9%,26.6%,119.9%,15.3%,"$82,600,157","$646,240,285","$646,240,285",1.0
121.0,Frax  FRAX,Buy,$0.9965,0.3%,0.2%,0.0%,0.2%,"$12,018,398","$646,056,126","$646,056,126",1.0
122.0,LayerZero  ZRO,,$2.57,0.4%,1.1%,26.7%,-,"$202,969,505","$645,504,747","$2,582,018,987",0.25
123.0,eCash  XEC,,$0.00003222,0.5%,1.5%,1.1%,34.7%,"$6,311,251","$636,852,650","$678,143,034",0.94
124.0,Decentraland  MANA,Buy,$0.3381,0.7%,1.5%,0.6%,25.9%,"$46,026,556","$631,414,428","$742,883,416",0.85
125.0,Wormhole  W,,$0.349,0.1%,5.5%,0.2%,42.6%,"$81,347,546","$630,857,353","$3,504,763,070",0.18
126.0,ApeCoin  APE,Buy,$0.9717,0.6%,0.5%,5.6%,26.2%,"$45,737,193","$611,849,566","$974,529,626",0.63
127.0,Safe  SAFE,,$1.42,0.6%,1.3%,2.2%,37.4%,"$30,345,227","$605,802,063","$1,418,740,195",0.43
128.0,Helium  HNT,,$3.59,1.1%,6.4%,8.5%,14.0%,"$6,001,910","$601,546,205","$804,768,992",0.75
129.0,Swell Ethereum  SWETH,,"$3,644.45",0.3%,1.7%,1.3%,10.4%,"$1,400,720","$597,209,818","$597,209,818",1.0
130.0,Klaytn  KLAY,,$0.1609,0.9%,1.4%,0.9%,16.5%,"$8,888,361","$595,560,511","$961,383,618",0.62
131.0,Mina Protocol  MINA,,$0.5275,0.7%,1.3%,8.6%,37.7%,"$15,989,013","$594,723,949","$618,696,398",0.96
132.0,DOG•GO•TO•THE•MOON (Runes)  DOG,,$0.005918,1.4%,0.7%,8.8%,0.9%,"$22,213,243","$594,255,517","$594,255,517",1.0
133.0,IOTA  IOTA,Buy,$0.1776,0.7%,3.1%,1.1%,22.5%,"$12,172,409","$591,148,373","$817,781,635",0.72
134.0,MANTRA  OM,,$0.7133,1.0%,0.2%,1.5%,5.2%,"$11,195,850","$589,051,591","$634,189,139",0.93
135.0,PancakeSwap  CAKE,,$2.19,0.2%,1.8%,3.0%,25.7%,"$30,547,680","$583,632,290","$840,410,923",0.69
136.0,ZKsync  ZK,,$0.1582,1.6%,2.2%,20.2%,-,"$185,963,803","$583,280,285","$3,333,030,197",0.18
137.0,AIOZ Network  AIOZ,,$0.5318,2.1%,12.2%,11.7%,30.3%,"$5,980,809","$579,604,431","$585,835,003",0.99
138.0,Tether Gold  XAUT,,"$2,325.52",0.3%,0.9%,1.6%,1.4%,"$9,931,923","$572,229,648","$572,229,648",1.0
139.0,Popcat  POPCAT,,$0.5621,0.1%,21.2%,110.4%,10.0%,"$91,371,338","$555,381,400","$555,381,400",1.0
140.0,Livepeer  LPT,,$16.73,0.2%,2.4%,10.1%,24.4%,"$28,813,289","$553,204,181","$553,204,181",1.0
141.0,Staked Frax Ether  SFRXETH,,"$3,755.76",0.1%,2.1%,1.3%,9.9%,"$662,579","$539,746,074","$539,746,074",1.0
142.0,Nervos Network  CKB,,$0.0118,0.3%,2.0%,5.0%,28.5%,"$27,242,765","$525,581,378","$533,625,073",0.98
143.0,WEMIX  WEMIX,,$1.43,0.1%,2.3%,34.3%,5.6%,"$8,221,389","$518,834,301","$1,370,638,622",0.38
144.0,Theta Fuel  TFUEL,,$0.0763,0.4%,0.2%,4.3%,23.1%,"$3,343,212","$503,395,308","$503,395,308",1.0
145.0,1inch  1INCH,Buy,$0.3985,0.5%,2.5%,4.0%,13.6%,"$42,735,996","$499,621,860","$598,491,530",0.83
146.0,TrueUSD  TUSD,,$0.9969,0.2%,0.1%,0.1%,0.2%,"$23,827,199","$493,308,206","$493,308,206",1.0
147.0,Kava  KAVA,Buy,$0.4494,0.3%,0.7%,4.5%,34.3%,"$6,306,537","$487,264,032","$487,264,032",1.0
148.0,ConstitutionDAO  PEOPLE,,$0.09124,1.2%,1.6%,10.9%,5.6%,"$178,632,440","$465,168,954","$465,168,954",1.0
149.0,XDC Network  XDC,,$0.03085,0.0%,0.1%,7.2%,11.0%,"$5,388,553","$458,983,138","$1,167,738,393",0.39
150.0,Terra Luna Classic  LUNC,,$0.00008175,0.9%,0.0%,10.3%,30.9%,"$20,752,783","$449,921,560","$555,911,451",0.81
151.0,Stader ETHx  ETHX,,"$3,548.93",0.2%,1.7%,1.8%,10.2%,"$2,275,608","$447,046,878","$447,046,878",1.0
152.0,Arkham  ARKM,,$1.90,0.8%,2.5%,4.5%,15.0%,"$51,863,855","$445,504,609","$1,913,174,317",0.23
153.0,Illuvium  ILV,,$67.06,0.6%,1.2%,4.8%,25.2%,"$5,415,731","$444,676,792","$645,337,539",0.69
154.0,Bitcoin Gold  BTG,,$25.41,0.4%,2.0%,0.5%,27.9%,"$4,373,193","$444,531,708","$533,013,953",0.83
155.0,Raydium  RAY,,$1.65,0.8%,7.5%,6.0%,11.5%,"$26,215,310","$435,390,900","$919,006,121",0.47
156.0,APENFT  NFT,,$0.064402,0.3%,0.6%,1.2%,3.5%,"$19,694,670","$435,078,505","$439,421,934",0.99
157.0,Trust Wallet  TWT,,$1.03,0.7%,1.4%,0.1%,10.5%,"$21,542,380","$429,772,717","$1,031,496,028",0.42
158.0,PAX Gold  PAXG,,"$2,305.46",0.3%,0.5%,1.7%,2.0%,"$4,305,044","$427,564,883","$427,564,883",1.0
159.0,Aevo  AEVO,,$0.4998,0.2%,0.7%,8.0%,46.1%,"$60,631,818","$421,827,154","$501,845,401",0.84
160.0,WOO  WOO,,$0.2188,0.6%,2.9%,0.1%,36.9%,"$10,000,545","$418,460,757","$489,382,217",0.86
161.0,SATS (Ordinals)  SATS,,$0.061979,1.2%,16.7%,15.6%,38.5%,"$69,345,288","$417,594,851","$417,594,851",1.0
162.0,Rocket Pool  RPL,,$20.24,0.6%,0.4%,18.7%,12.1%,"$8,817,379","$414,057,181","$414,057,181",1.0
163.0,PayPal USD  PYUSD,,$0.9987,0.1%,0.0%,0.1%,0.0%,"$24,011,296","$412,822,338","$412,822,338",1.0
164.0,Memecoin  MEME,,$0.01974,1.1%,4.6%,0.5%,39.4%,"$34,615,732","$411,166,509","$1,368,500,377",0.3
165.0,Axelar  AXL,,$0.5822,0.1%,3.6%,5.5%,43.7%,"$14,129,720","$410,446,443","$674,235,767",0.61
166.0,MX  MX,,$4.18,0.5%,3.4%,14.1%,5.8%,"$38,220,233","$409,875,664","$1,777,081,586",0.23
167.0,USDB  USDB,,$1.01,0.1%,0.9%,1.3%,0.4%,"$55,492,634","$407,660,656","$407,660,656",1.0
168.0,Ocean Protocol  OCEAN,Buy,$0.6162,1.3%,9.8%,4.9%,34.8%,"$59,557,510","$402,890,220","$874,403,467",0.46
169.0,CorgiAI  CORGIAI,,$0.001165,0.4%,3.9%,1.4%,43.3%,"$534,758","$399,798,464","$433,513,622",0.92
170.0,Blast  BLAST,,$0.0227,2.1%,9.6%,-,-,"$406,291,381","$393,845,114","$2,286,714,737",0.17
171.0,Astar  ASTR,,$0.0677,0.4%,2.4%,3.3%,24.3%,"$16,361,012","$387,085,327","$576,629,928",0.67
172.0,SafePal  SFP,,$0.8331,0.6%,1.1%,12.9%,1.7%,"$11,193,616","$385,285,307","$416,524,656",0.93
173.0,Ether.fi  ETHFI,,$3.32,0.5%,3.2%,3.7%,30.2%,"$122,862,062","$383,626,196","$3,330,088,503",0.12
174.0,cat in a dogs world  MEW,,$0.004265,1.2%,10.8%,9.8%,13.6%,"$66,549,886","$383,335,189","$383,335,189",1.0
175.0,IoTeX  IOTX,,$0.04032,0.6%,3.3%,10.1%,26.6%,"$14,756,147","$381,305,507","$383,522,244",0.99
176.0,cETH  CETH,,$69.24,0.1%,2.2%,1.4%,10.2%,"$1,450.56","$376,332,175","$376,332,175",1.0
177.0,dYdX  ETHDYDX,,$1.40,0.5%,2.2%,1.2%,32.3%,"$32,234,139","$375,961,327","$647,127,021",0.58
178.0,Aerodrome Finance  AERO,,$0.7066,0.2%,1.3%,4.9%,41.3%,"$141,771,025","$365,699,881","$796,352,970",0.46
179.0,PepeCoin  PEPECOIN,,$3.10,0.3%,1.5%,3.9%,48.7%,"$2,891,798","$364,703,431","$414,492,586",0.88
180.0,Curve DAO  CRV,,$0.2906,0.5%,2.0%,17.9%,40.5%,"$174,897,638","$364,016,170","$621,902,057",0.59
181.0,Kusama  KSM,,$23.97,1.0%,4.6%,0.3%,25.5%,"$13,263,700","$363,681,059","$363,681,059",1.0
182.0,Osmosis  OSMO,,$0.5432,0.3%,2.2%,3.5%,38.7%,"$11,144,497","$363,064,706","$542,186,389",0.67
183.0,Blur  BLUR,,$0.2124,0.6%,1.6%,18.0%,50.4%,"$102,307,713","$362,431,637","$638,714,849",0.57
184.0,Echelon Prime  PRIME,,$8.83,0.0%,2.7%,16.6%,51.1%,"$4,261,438","$361,836,441","$978,935,308",0.37
185.0,Golem  GLM,,$0.359,0.2%,3.0%,3.7%,31.7%,"$9,476,500","$358,258,721","$358,258,721",1.0
186.0,GMT  GMT,Buy,$0.1684,0.4%,3.0%,0.2%,29.0%,"$18,171,931","$356,608,136","$897,837,989",0.4
187.0,Aragon  ANT,,$8.75,0.2%,2.2%,1.0%,10.9%,"$4,381,738","$350,231,341","$377,702,671",0.93
188.0,Manta Network  MANTA,,$1.06,0.3%,4.7%,3.9%,42.0%,"$72,737,401","$344,091,106","$1,057,701,118",0.33
189.0,Compound  COMP,Buy,$49.89,0.6%,1.6%,1.7%,20.2%,"$43,732,294","$342,551,668","$499,631,539",0.69
190.0,MAGA  TRUMP,,$7.32,3.8%,14.4%,5.3%,49.9%,"$18,376,468","$340,968,292","$339,534,386",1.0
191.0,io.net  IO,,$3.53,3.2%,1.6%,11.7%,-,"$184,028,443","$336,608,967","$2,834,601,831",0.12
192.0,Celo  CELO,,$0.6217,0.4%,4.5%,4.7%,28.4%,"$17,053,273","$335,620,558","$622,052,754",0.54
193.0,Zilliqa  ZIL,,$0.01789,0.9%,2.0%,2.7%,28.0%,"$13,479,168","$333,959,360","$346,308,790",0.96
194.0,Holo  HOT,,$0.001847,0.5%,3.1%,1.0%,26.5%,"$7,294,861","$328,539,680","$328,539,680",1.0
195.0,cWBTC  CWBTC,,"$1,235.75",0.2%,1.3%,4.6%,10.1%,$0.00,"$317,850,910","$317,850,910",1.0
196.0,Biconomy  BICO,Buy,$0.3917,0.7%,3.6%,0.5%,31.7%,"$8,024,458","$317,392,760","$392,018,391",0.81
197.0,OriginTrail  TRAC,,$0.7813,0.5%,8.0%,21.1%,14.0%,"$2,657,318","$316,290,330","$389,572,951",0.81
198.0,0x Protocol  ZRX,,$0.3711,0.4%,3.5%,1.8%,32.3%,"$8,069,991","$314,801,365","$371,448,767",0.85
199.0,Zcash  ZEC,Buy,$20.76,0.2%,3.4%,2.3%,22.1%,"$42,665,734","$314,330,903","$436,582,965",0.72
200.0,Radix  XRD,,$0.02996,0.4%,1.8%,6.3%,25.4%,"$945,120","$313,694,863","$385,513,073",0.81
,,,,,,,,,,,
201.0,Ankr Network  ANKR,Buy,$0.03128,0.8%,2.6%,1.6%,30.5%,"$8,339,048","$313,519,797","$313,519,797",1.0
202.0,Turbo  TURBO,,$0.004481,2.9%,0.1%,25.2%,48.8%,"$102,467,012","$312,961,837","$312,961,837",1.0
203.0,Jito  JTO,,$2.50,0.7%,4.2%,5.9%,33.2%,"$117,552,558","$307,916,130","$2,501,962,272",0.12
204.0,Polymesh  POLYX,,$0.2887,0.0%,2.2%,17.1%,34.7%,"$33,684,681","$305,099,720","$305,099,720",1.0
205.0,AltLayer  ALT,,$0.1865,1.0%,1.7%,7.5%,46.2%,"$37,842,227","$304,525,464","$1,872,802,344",0.16
206.0,SuperVerse  SUPER,,$0.6721,1.3%,2.8%,6.6%,32.7%,"$7,430,956","$304,260,366","$673,595,871",0.45
207.0,Liquid Staked ETH  LSETH,,"$3,569.03",0.1%,0.9%,2.4%,11.5%,"$5,674.73","$297,329,882","$297,329,882",1.0
208.0,MMX  MMX,,$2.08,0.2%,2.2%,4.0%,1.7%,"$215,045","$296,716,500","$1,037,640,081",0.29
209.0,Terra  LUNA,Buy,$0.4291,0.9%,1.3%,1.9%,30.8%,"$14,988,590","$295,797,752","$463,925,818",0.64
210.0,Basic Attention  BAT,Buy,$0.1962,0.4%,3.1%,1.5%,20.3%,"$53,533,989","$293,756,629","$294,762,016",1.0
211.0,Dash  DASH,Buy,$24.73,0.2%,3.3%,4.3%,17.7%,"$32,080,991","$293,329,015","$467,981,876",0.63
212.0,Nexus Mutual  NXM,,$76.56,0.4%,2.2%,1.0%,5.9%,$0.00,"$290,596,026","$290,596,026",1.0
213.0,JUST  JST,,$0.02904,0.3%,0.7%,6.3%,5.8%,"$23,816,127","$287,155,394","$287,155,394",1.0
214.0,Dymension  DYM,,$1.52,0.4%,2.3%,7.3%,52.3%,"$15,500,503","$286,796,077","$1,528,500,810",0.19
215.0,Enjin Coin  ENJ,Buy,$0.1944,0.3%,1.1%,0.6%,46.5%,"$21,904,090","$286,483,081","$353,185,611",0.81
216.0,Reserve Rights  RSR,,$0.005582,0.7%,0.6%,3.1%,32.2%,"$17,811,773","$283,118,945","$559,523,606",0.51
217.0,SSV Network  SSV,,$39.37,0.5%,0.0%,1.1%,12.8%,"$26,881,472","$279,606,078","$444,993,980",0.63
218.0,Metis  METIS,,$49.09,0.5%,2.3%,3.2%,34.8%,"$13,023,442","$279,480,555","$491,495,115",0.57
219.0,Tellor Tributes  TRB,,$107.22,0.1%,2.8%,12.8%,1.9%,"$61,672,982","$279,342,842","$285,061,341",0.98
220.0,Ravencoin  RVN,,$0.01986,0.3%,2.3%,3.0%,32.8%,"$8,075,198","$278,496,236","$417,787,987",0.67
221.0,GMX  GMX,,$28.90,0.5%,3.3%,3.4%,15.7%,"$15,485,194","$276,410,692","$276,410,692",1.0
222.0,Convex Finance  CVX,,$3.37,1.3%,7.3%,3.0%,16.9%,"$48,792,556","$274,991,999","$334,186,576",0.82
223.0,Amp  AMP,,$0.004897,0.7%,1.4%,2.3%,30.6%,"$14,271,326","$274,812,697","$487,998,723",0.56
224.0,SKALE  SKL,,$0.05258,0.9%,3.2%,4.6%,37.8%,"$21,950,766","$273,356,317","$282,945,239",0.97
225.0,Qtum  QTUM,,$2.60,0.3%,2.1%,1.9%,30.6%,"$11,214,113","$273,289,315","$280,074,878",0.98
226.0,Siacoin  SC,,$0.004644,1.1%,1.6%,2.1%,35.7%,"$2,157,443","$267,110,645","$267,237,539",1.0
227.0,EthereumPoW  ETHW,,$2.45,0.5%,2.7%,2.2%,33.4%,"$3,805,913","$264,827,106","$264,826,551",1.0
228.0,Galxe  GAL,,$2.28,0.9%,2.3%,0.3%,43.4%,"$10,467,491","$264,321,431","$457,646,626",0.58
229.0,Nosana  NOS,,$3.15,0.3%,8.9%,16.8%,20.2%,"$2,602,985","$262,732,061","$315,026,452",0.83
230.0,aelf  ELF,,$0.3594,0.2%,3.0%,8.8%,31.3%,"$19,388,474","$260,923,429","$356,566,898",0.73
231.0,Frax Share  FXS,,$3.23,0.5%,0.6%,5.5%,27.5%,"$12,194,104","$259,355,514","$322,144,482",0.81
232.0,API3  API3,,$2.24,0.8%,2.5%,1.5%,25.3%,"$11,238,541","$259,290,064","$303,682,790",0.85
233.0,Mask Network  MASK,,$2.59,0.1%,3.2%,3.0%,27.1%,"$22,364,945","$259,200,693","$259,200,693",1.0
234.0,Wrapped Beacon ETH  WBETH,,"$3,586.67",0.4%,1.8%,1.3%,10.3%,"$6,145,643","$254,425,788","$254,425,788",1.0
235.0,Decred  DCR,,$15.72,0.0%,3.6%,0.6%,23.3%,"$1,604,244","$253,780,506","$329,926,293",0.77
236.0,Casper Network  CSPR,,$0.02086,0.9%,1.8%,0.9%,31.2%,"$5,508,117","$253,607,703","$266,064,875",0.95
237.0,Chia  XCH,,$23.77,0.5%,1.0%,0.3%,26.9%,"$17,673,565","$252,138,979","$751,010,064",0.34
238.0,Gas  GAS,,$3.81,0.2%,5.3%,0.1%,27.1%,"$4,633,926","$250,695,428","$250,695,428",1.0
239.0,Venom  VENOM,,$0.1502,0.5%,4.0%,2.1%,21.9%,"$1,576,613","$249,772,293","$1,085,388,511",0.23
240.0,Beldex  BDX,,$0.03875,0.1%,2.4%,7.4%,16.9%,"$1,191,761","$249,486,526","$384,030,336",0.65
241.0,Centrifuge  CFG,,$0.5033,0.5%,0.1%,1.2%,29.0%,"$529,773","$248,525,468","$275,449,448",0.9
242.0,Arcblock  ABT,,$2.51,0.3%,1.0%,6.9%,37.7%,"$1,457,846","$248,212,573","$468,325,610",0.53
243.0,Aethir  ATH,,$0.06536,1.3%,2.3%,0.1%,-,"$38,287,128","$248,043,953","$2,756,043,917",0.09
244.0,PAAL AI  PAAL,,$0.2793,0.3%,4.2%,9.0%,25.0%,"$3,619,603","$236,606,811","$278,360,987",0.85
245.0,NetMind Token  NMT,,$6.39,0.2%,2.0%,4.6%,28.6%,"$2,334,408","$236,402,456","$942,121,121",0.25
246.0,Flux  FLUX,,$0.6648,0.1%,7.0%,2.0%,34.5%,"$12,256,362","$231,644,007","$292,053,378",0.79
247.0,ZetaChain  ZETA,,$0.8337,1.0%,0.6%,3.2%,42.1%,"$16,909,561","$230,324,995","$1,757,926,504",0.13
248.0,Threshold Network  T,,$0.02338,0.9%,3.1%,1.8%,36.0%,"$7,362,844","$227,919,089","$258,918,569",0.88
249.0,Loopring  LRC,,$0.1797,0.3%,0.5%,3.7%,37.1%,"$10,685,388","$224,149,553","$247,155,069",0.91
250.0,Yield Guild Games  YGG,,$0.5848,0.6%,3.2%,11.0%,41.0%,"$50,361,887","$221,153,881","$587,710,035",0.38
251.0,Tribe  TRIBE,,$0.4863,0.1%,0.1%,0.1%,6.3%,"$42,235.70","$220,913,034","$485,506,579",0.46
252.0,Bitcoin Avalanche Bridged (BTC.b)  BTC.B,,"$61,487.00",0.1%,0.6%,4.6%,10.4%,"$5,588,171","$220,586,282","$220,586,282",1.0
253.0,PONKE  PONKE,,$0.4274,2.5%,13.9%,51.0%,12.4%,"$27,632,183","$215,556,837","$239,507,951",0.9
254.0,BENQI Liquid Staked AVAX  SAVAX,,$31.96,0.0%,8.7%,0.8%,24.8%,"$4,714,538","$215,523,058","$215,523,058",1.0
255.0,Baby Doge Coin  BABYDOGE,,$0.081418,0.0%,0.6%,2.2%,27.5%,"$3,570,225","$214,334,178","$594,619,113",0.36
256.0,Osaka Protocol  OSAK,,$0.062805,0.0%,5.7%,3.0%,9.4%,"$95,259.72","$213,619,779","$213,619,779",1.0
257.0,UMA  UMA,,$2.59,1.1%,0.0%,2.1%,24.2%,"$21,836,321","$212,607,270","$312,388,735",0.68
258.0,yearn.finance  YFI,Buy,"$6,302.19",0.2%,7.7%,6.4%,12.1%,"$22,905,394","$210,097,512","$231,517,601",0.91
259.0,Pixels  PIXEL,,$0.2711,0.6%,3.0%,6.2%,34.3%,"$27,011,938","$209,845,903","$1,360,794,832",0.15
260.0,Moonbeam  GLMR,,$0.2341,2.4%,16.6%,10.0%,23.4%,"$29,891,430","$207,287,490","$264,254,983",0.78
261.0,OKT Chain  OKT,,$11.58,0.5%,1.5%,3.1%,20.8%,"$406,130","$206,563,577","$206,561,025",1.0
262.0,Delysium  AGI,,$0.2325,0.1%,6.8%,6.7%,24.8%,"$13,793,669","$205,517,888","$690,524,747",0.3
263.0,Mythos  MYTH,,$0.3074,0.4%,4.1%,21.2%,20.5%,"$182,264","$204,660,504","$307,106,862",0.67
264.0,Goldfinch  GFI,,$2.67,0.1%,1.9%,9.5%,22.0%,"$2,637,811","$202,777,234","$304,844,489",0.67
265.0,Blox  CDT,,$0.3004,7.5%,20.8%,21.0%,31.9%,"$225,982","$202,578,262","$300,303,161",0.67
266.0,Rollbit Coin  RLB,,$0.07881,0.0%,0.5%,23.3%,2.1%,"$1,552,165","$202,291,166","$202,295,950",1.0
267.0,Telcoin  TEL,,$0.002582,0.3%,0.4%,14.1%,24.4%,"$514,736","$200,689,431","$257,926,624",0.78
268.0,0x0.ai: AI Smart Contract  0X0,,$0.2247,0.2%,6.8%,7.7%,18.4%,"$628,164","$200,011,399","$200,011,399",1.0
269.0,tBTC  TBTC,,"$61,578.09",0.3%,1.2%,4.3%,10.1%,"$2,278,871","$199,898,965","$199,898,965",1.0
270.0,Olympus  OHM,,$12.23,0.2%,0.2%,0.3%,0.0%,"$126,274","$198,666,800","$269,235,749",0.74
271.0,Vanar Chain  VANRY,,$0.1408,0.5%,0.8%,1.5%,29.5%,"$11,494,738","$197,938,659","$197,938,659",1.0
272.0,SwissBorg  BORG,,$0.1998,0.2%,5.6%,14.6%,7.0%,"$1,596,766","$195,925,339","$195,925,339",1.0
273.0,Aleph Zero  AZERO,,$0.6145,0.8%,8.0%,5.5%,23.5%,"$1,379,040","$195,531,222","$223,103,171",0.88
274.0,SPACE ID  ID,,$0.4502,0.4%,3.8%,0.0%,39.1%,"$13,325,536","$193,952,623","$899,520,642",0.22
275.0,Escoin  ELG,,$1.05,0.4%,1.0%,4.8%,20.3%,"$1,235,633","$193,880,364","$263,125,258",0.74
276.0,Chromia  CHR,,$0.2375,0.5%,6.7%,6.9%,29.8%,"$9,070,534","$192,806,066","$192,806,066",1.0
277.0,Decentralized Social  DESO,,$18.35,0.0%,3.8%,2.6%,8.8%,"$9,615,379","$192,782,629","$197,838,910",0.97
278.0,Non-Playable Coin  NPC,,$0.02378,0.7%,2.4%,9.1%,58.2%,"$3,654,512","$191,394,671","$191,394,671",1.0
279.0,Ontology  ONT,,$0.2099,0.8%,3.0%,2.5%,32.9%,"$6,338,519","$190,699,045","$210,554,816",0.91
280.0,VeThor  VTHO,,$0.00243,0.5%,3.1%,1.8%,27.1%,"$1,285,185","$188,663,642",-,
281.0,Audius  AUDIO,,$0.1529,0.0%,2.9%,2.7%,29.6%,"$6,421,945","$188,339,235","$190,327,231",0.99
282.0,Harmony  ONE,,$0.01491,0.6%,2.4%,3.3%,36.0%,"$3,967,561","$183,757,079","$196,459,378",0.94
283.0,Wrapped Centrifuge  WCFG,,$0.5061,0.4%,0.7%,0.5%,28.9%,"$212,600","$182,001,148",-,
284.0,CoinEx  CET,,$0.06276,0.2%,1.7%,1.3%,25.6%,"$148,568","$180,626,824","$12,611,519",14.32
285.0,BounceBit  BB,,$0.4383,0.1%,0.2%,7.1%,31.1%,"$111,027,279","$180,152,665","$923,859,818",0.2
286.0,FINSCHIA  FNSA,,$22.38,0.5%,0.3%,0.2%,16.7%,"$402,117","$177,497,202","$177,497,202",1.0
287.0,Ampleforth  AMPL,,$0.9601,0.0%,5.4%,5.5%,22.7%,"$513,967","$177,397,733","$207,604,236",0.85
288.0,MimbleWimbleCoin  MWC,,$16.09,0.2%,3.6%,7.4%,9.1%,"$29,443.17","$176,245,893","$176,254,039",1.0
289.0,Balancer  BAL,,$3.04,0.5%,2.2%,4.2%,24.4%,"$5,754,042","$175,499,840","$194,585,112",0.9
290.0,Ondo US Dollar Yield  USDY,,$1.04,0.7%,0.6%,0.6%,0.0%,"$663,142","$175,294,020","$175,294,020",1.0
291.0,Metaplex  MPLX,,$0.3258,0.3%,1.5%,12.1%,6.2%,"$2,198,861","$174,045,458","$325,305,480",0.54
292.0,ANDY ETH  ANDY,,$0.0001734,1.0%,1.9%,19.9%,10.5%,"$6,489,375","$173,289,033","$173,289,033",1.0
293.0,RSS3  RSS3,,$0.2553,0.4%,0.0%,13.7%,9.8%,"$3,236,054","$172,678,270","$255,851,246",0.67
294.0,Universal ETH  UNIETH,,"$3,662.25",0.1%,2.4%,1.6%,10.2%,"$5,454,601","$168,618,051","$168,618,051",1.0
295.0,Band Protocol  BAND,,$1.16,0.7%,2.4%,1.8%,33.6%,"$12,150,447","$166,848,152","$171,957,404",0.97
296.0,Lista DAO  LISTA,,$0.7122,1.2%,10.7%,9.0%,-,"$218,235,447","$165,050,956","$717,612,853",0.23
297.0,Magic  MAGIC,,$0.6195,1.0%,0.4%,1.8%,23.8%,"$15,454,449","$164,247,755","$211,505,609",0.78
298.0,Sushi  SUSHI,,$0.8463,0.5%,2.7%,3.0%,31.6%,"$15,231,971","$163,387,609","$235,377,308",0.69
299.0,Kendu Inu  KENDU,,$0.0001631,1.4%,9.2%,21.7%,231.5%,"$2,993,856","$163,116,413","$163,116,413",1.0
300.0,ICON  ICX,,$0.1617,0.1%,4.3%,6.0%,29.4%,"$1,703,249","$162,266,966","$162,326,366",1.0
